chain,address,symbol,decimals,logoURI
ethereum,0xe02b2Ad63eFF3Ac1D5827cBd7AB9DD3DaC4f4AD0,aUniUSDC,6,https://assets-cdn.trustwallet.com/blockchains/ethereum/assets/0xe02b2Ad63eFF3Ac1D5827cBd7AB9DD3DaC4f4AD0/logo.png
ethereum,0x1D0e53A0e524E3CC92C1f0f33Ae268FfF8D7E7a5,aUniUSDCETH,18,https://assets-cdn.trustwallet.com/blockchains/ethereum/assets/0x1D0e53A0e524E3CC92C1f0f33Ae268FfF8D7E7a5/logo.png
ethereum,0xb977ee318010A5252774171494a1bCB98E7fab65,aUniUSDT,6,https://assets-cdn.trustwallet.com/blockchains/ethereum/assets/0xb977ee318010A5252774171494a1bCB98E7fab65/logo.png
ethereum,0xBcca60bB61934080951369a648Fb03DF4F96263C,aUSDC,6,https://assets-cdn.trustwallet.com/blockchains/ethereum/assets/0xBcca60bB61934080951369a648Fb03DF4F96263C/logo.png
ethereum,0x9bA00D6856a4eDF4665BcA2C2309936572473B7E,aUSDC V1,6,https://assets-cdn.trustwallet.com/blockchains/ethereum/assets/0x9bA00D6856a4eDF4665BcA2C2309936572473B7E/logo.png
ethereum,0x3Ed3B47Dd13EC9a98b44e6204A523E766B225811,aUSDT,6,https://assets-cdn.trustwallet.com/blockchains/ethereum/assets/0x3Ed3B47Dd13EC9a98b44e6204A523E766B225811/logo.png
ethereum,0x71fc860F7D3A592A4a98740e39dB31d25db65ae8,aUSDT V1,6,https://assets-cdn.trustwallet.com/blockchains/ethereum/assets/0x71fc860F7D3A592A4a98740e39dB31d25db65ae8/logo.png
ethereum,0x39AA39c021dfbaE8faC545936693aC917d5E7563,cUSDC,8,https://assets-cdn.trustwallet.com/blockchains/ethereum/assets/0x39AA39c021dfbaE8faC545936693aC917d5E7563/logo.png
ethereum,0x39AB32006Afe65A0B4D6A9A89877c2c33ad19EB5,CUSDT,6,https://assets-cdn.trustwallet.com/blockchains/ethereum/assets/0x39AB32006Afe65A0B4D6A9A89877c2c33ad19EB5/logo.png
ethereum,0x00000000008943c65cAf789FFFCF953bE156f6f8,dUSDC,8,https://assets-cdn.trustwallet.com/blockchains/ethereum/assets/0x00000000008943c65cAf789FFFCF953bE156f6f8/logo.png
ethereum,0x2ACFf9cc74B104CD8540E9a2F691f22d3BD924d7,eUSDT,6,https://assets-cdn.trustwallet.com/blockchains/ethereum/assets/0x2ACFf9cc74B104CD8540E9a2F691f22d3BD924d7/logo.png
ethereum,0x52b65CE1391C49eaE108017c4442077b3C2Bd17a,fUSDC,6,https://assets-cdn.trustwallet.com/blockchains/ethereum/assets/0x52b65CE1391C49eaE108017c4442077b3C2Bd17a/logo.png
ethereum,0x979838c9C16FD365C9fE028B0bEa49B1750d86e9,fUSDT,6,https://assets-cdn.trustwallet.com/blockchains/ethereum/assets/0x979838c9C16FD365C9fE028B0bEa49B1750d86e9/logo.png
ethereum,0xeB66ACc3d011056B00ea521F8203580C2E5d3991,IDLEUSDC,18,https://assets-cdn.trustwallet.com/blockchains/ethereum/assets/0xeB66ACc3d011056B00ea521F8203580C2E5d3991/logo.png
ethereum,0xF013406A0B1d544238083DF0B93ad0d2cBE0f65f,iUSDC,6,https://assets-cdn.trustwallet.com/blockchains/ethereum/assets/0xF013406A0B1d544238083DF0B93ad0d2cBE0f65f/logo.png
ethereum,0x3564ad35b9E95340E5Ace2D6251dbfC76098669B,mUSDC,6,https://assets-cdn.trustwallet.com/blockchains/ethereum/assets/0x3564ad35b9E95340E5Ace2D6251dbfC76098669B/logo.png
ethereum,0x84d4AfE150dA7Ea1165B9e45Ff8Ee4798d7C38DA,mUSDT,6,https://assets-cdn.trustwallet.com/blockchains/ethereum/assets/0x84d4AfE150dA7Ea1165B9e45Ff8Ee4798d7C38DA/logo.png
ethereum,0xBD87447F48ad729C5c4b8bcb503e1395F62e8B98,plUsdc,6,https://assets-cdn.trustwallet.com/blockchains/ethereum/assets/0xBD87447F48ad729C5c4b8bcb503e1395F62e8B98/logo.png
ethereum,0x3774E825d567125988Fb293e926064B6FAa71DAB,sUSDC,18,https://assets-cdn.trustwallet.com/blockchains/ethereum/assets/0x3774E825d567125988Fb293e926064B6FAa71DAB/logo.png
ethereum,0x69702cfd7DAd8bCcAA24D6B440159404AAA140F5,sUSDT,18,https://assets-cdn.trustwallet.com/blockchains/ethereum/assets/0x69702cfd7DAd8bCcAA24D6B440159404AAA140F5/logo.png
ethereum,0xA0b86991c6218b36c1d19D4a2e9Eb0cE3606eB48,USDC,6,https://assets-cdn.trustwallet.com/blockchains/ethereum/assets/0xA0b86991c6218b36c1d19D4a2e9Eb0cE3606eB48/logo.png
ethereum,0x7cd167B101D2808Cfd2C45d17b2E7EA9F46b74B6,USDCbs,18,https://assets-cdn.trustwallet.com/blockchains/ethereum/assets/0x7cd167B101D2808Cfd2C45d17b2E7EA9F46b74B6/logo.png
ethereum,0x8E822B60b3a262d34dF59A4Ddd02383deF599B94,USDCI,2,https://assets-cdn.trustwallet.com/blockchains/ethereum/assets/0x8E822B60b3a262d34dF59A4Ddd02383deF599B94/logo.png
ethereum,0x566957eF80F9fd5526CD2BEF8BE67035C0b81130,USDCpo,6,https://assets-cdn.trustwallet.com/blockchains/ethereum/assets/0x566957eF80F9fd5526CD2BEF8BE67035C0b81130/logo.png
ethereum,0x41f7B8b9b897276b7AAE926a9016935280b44E97,USDCso,6,https://assets-cdn.trustwallet.com/blockchains/ethereum/assets/0x41f7B8b9b897276b7AAE926a9016935280b44E97/logo.png
ethereum,0xdAC17F958D2ee523a2206206994597C13D831ec7,USDT,6,https://assets-cdn.trustwallet.com/blockchains/ethereum/assets/0xdAC17F958D2ee523a2206206994597C13D831ec7/logo.png
ethereum,0xDe60aDfDdAAbaAAC3dAFa57B26AcC91Cb63728c4,USDTbs,18,https://assets-cdn.trustwallet.com/blockchains/ethereum/assets/0xDe60aDfDdAAbaAAC3dAFa57B26AcC91Cb63728c4/logo.png
ethereum,0x1CDD2EaB61112697626F7b4bB0e23Da4FeBF7B7C,USDTso,6,https://assets-cdn.trustwallet.com/blockchains/ethereum/assets/0x1CDD2EaB61112697626F7b4bB0e23Da4FeBF7B7C/logo.png
ethereum,0xcBeD554Ad21B9dce19BDa9A57C3b62C9d3fF72e2,yDAI+yUSDC+yUSDT+yTUSD,18,https://assets-cdn.trustwallet.com/blockchains/ethereum/assets/0xcBeD554Ad21B9dce19BDa9A57C3b62C9d3fF72e2/logo.png
ethereum,0xd6aD7a6750A7593E092a9B218d66C0A814a3436e,yUSDC,6,https://assets-cdn.trustwallet.com/blockchains/ethereum/assets/0xd6aD7a6750A7593E092a9B218d66C0A814a3436e/logo.png
ethereum,0x83f798e925BcD4017Eb265844FDDAbb448f1707D,yUSDT,6,https://assets-cdn.trustwallet.com/blockchains/ethereum/assets/0x83f798e925BcD4017Eb265844FDDAbb448f1707D/logo.png
ethereum,0x5dbcF33D8c2E976c6b560249878e6F1491Bca25c,yyDAI+yUSDC+yUSDT+yTUSD,18,https://assets-cdn.trustwallet.com/blockchains/ethereum/assets/0x5dbcF33D8c2E976c6b560249878e6F1491Bca25c/logo.png
smartchain,0x4f5d48D3d28Ff10113283A896952A7722Eaaacd8,aUSDC,8,https://assets-cdn.trustwallet.com/blockchains/smartchain/assets/0x4f5d48D3d28Ff10113283A896952A7722Eaaacd8/logo.png
smartchain,0x35b2a25087A4D33dADBFB7625bfa7f1e0853f723,aUSDT,8,https://assets-cdn.trustwallet.com/blockchains/smartchain/assets/0x35b2a25087A4D33dADBFB7625bfa7f1e0853f723/logo.png
smartchain,0x4268B8F0B87b6Eae5d897996E6b845ddbD99Adf3,axlUSDC,6,https://assets-cdn.trustwallet.com/blockchains/smartchain/assets/0x4268B8F0B87b6Eae5d897996E6b845ddbD99Adf3/logo.png
smartchain,0xD83C88DB3A6cA4a32FFf1603b0f7DDce01F5f727,crUSDC,8,https://assets-cdn.trustwallet.com/blockchains/smartchain/assets/0xD83C88DB3A6cA4a32FFf1603b0f7DDce01F5f727/logo.png
smartchain,0xEF6d459FE81C3Ed53d292c936b2df5a8084975De,crUSDT,8,https://assets-cdn.trustwallet.com/blockchains/smartchain/assets/0xEF6d459FE81C3Ed53d292c936b2df5a8084975De/logo.png
smartchain,0xEf11aB854b475Bd0c5Db37f6bFFAB443219d656d,fUSDT,18,https://assets-cdn.trustwallet.com/blockchains/smartchain/assets/0xEf11aB854b475Bd0c5Db37f6bFFAB443219d656d/logo.png
smartchain,0x8AC76a51cc950d9822D68b83fE1Ad97B32Cd580d,USDC,18,https://assets-cdn.trustwallet.com/blockchains/smartchain/assets/0x8AC76a51cc950d9822D68b83fE1Ad97B32Cd580d/logo.png
smartchain,0xc1F47175d96Fe7c4cD5370552e5954f384E3C791,USDCav,6,https://assets-cdn.trustwallet.com/blockchains/smartchain/assets/0xc1F47175d96Fe7c4cD5370552e5954f384E3C791/logo.png
smartchain,0xB04906e95AB5D797aDA81508115611fee694c2b3,USDCet,6,https://assets-cdn.trustwallet.com/blockchains/smartchain/assets/0xB04906e95AB5D797aDA81508115611fee694c2b3/logo.png
smartchain,0x672147dD47674757C457eB155BAA382cc10705Dd,USDCpo,6,https://assets-cdn.trustwallet.com/blockchains/smartchain/assets/0x672147dD47674757C457eB155BAA382cc10705Dd/logo.png
smartchain,0x91Ca579B0D47E5cfD5D0862c21D5659d39C8eCf0,USDCso,6,https://assets-cdn.trustwallet.com/blockchains/smartchain/assets/0x91Ca579B0D47E5cfD5D0862c21D5659d39C8eCf0/logo.png
smartchain,0x55d398326f99059fF775485246999027B3197955,USDT,18,https://assets-cdn.trustwallet.com/blockchains/smartchain/assets/0x55d398326f99059fF775485246999027B3197955/logo.png
smartchain,0x2B90E061a517dB2BbD7E39Ef7F733Fd234B494CA,USDTav,6,https://assets-cdn.trustwallet.com/blockchains/smartchain/assets/0x2B90E061a517dB2BbD7E39Ef7F733Fd234B494CA/logo.png
smartchain,0x524bC91Dc82d6b90EF29F76A3ECAaBAffFD490Bc,USDTet,6,https://assets-cdn.trustwallet.com/blockchains/smartchain/assets/0x524bC91Dc82d6b90EF29F76A3ECAaBAffFD490Bc/logo.png
smartchain,0x49d5cC521F75e13fa8eb4E89E9D381352C897c96,USDTso,6,https://assets-cdn.trustwallet.com/blockchains/smartchain/assets/0x49d5cC521F75e13fa8eb4E89E9D381352C897c96/logo.png
smartchain,0xecA88125a5ADbe82614ffC12D0DB554E2e2867C8,vUSDC,8,https://assets-cdn.trustwallet.com/blockchains/smartchain/assets/0xecA88125a5ADbe82614ffC12D0DB554E2e2867C8/logo.png
smartchain,0xfD5840Cd36d94D7229439859C0112a4185BC0255,vUSDT,8,https://assets-cdn.trustwallet.com/blockchains/smartchain/assets/0xfD5840Cd36d94D7229439859C0112a4185BC0255/logo.png
